{"cameraMode":{"drawMode":0,"name":"Shaded","section":"Shading Mode"},"sceneLighting":false,"audioPlay":false,"sceneViewState":{"m_AlwaysRefresh":false,"showFog":false,"showSkybox":false,"showFlares":false,"showImageEffects":false,"showParticleSystems":false,"showVisualEffectGraphs":true,"m_FxEnabled":true},"in2DMode":false,"pivot":{"x":-0.21224260330200196,"y":0.5667041540145874,"z":-0.009685039520263672},"rotation":{"x":-0.021205615252256395,"y":-0.9777843952178955,"z":0.1682446300983429,"w":-0.12325115501880646},"size":2.932701349258423,"orthographic":false}