{"cameraMode":{"drawMode":0,"name":"Shaded","section":"Shading Mode"},"sceneLighting":false,"audioPlay":false,"sceneViewState":{"m_AlwaysRefresh":false,"showFog":false,"showSkybox":false,"showFlares":false,"showImageEffects":false,"showParticleSystems":false,"showVisualEffectGraphs":true,"m_FxEnabled":true},"in2DMode":false,"pivot":{"x":0.024776458740234376,"y":2.1440443992614748,"z":-0.6149916648864746},"rotation":{"x":0.06517191231250763,"y":0.933152973651886,"z":-0.21937786042690278,"w":0.27724504470825198},"size":0.8660253882408142,"orthographic":false}